{
  "diabetes": {
    "accuracy": 0.9715957393609042,
    "precision": 0.9854202401372213,
    "recall": 0.6758823529411765,
    "f1": 0.801814375436148,
    "roc_auc": 0.9747562281183992
  },
  "heart_disease": {
    "accuracy": 0.8097826086956522,
    "precision": 0.8018018018018018,
    "recall": 0.8725490196078431,
    "f1": 0.8356807511737089,
    "roc_auc": 0.8787661406025824
  }
}